GP,Date,Time,,Opponent,GF,GA,,,W,L,OL,Streak,Att.,LOG,
1,2025-10-08,7:30 PM,@,Washington Capitals,3,1,W,,1,0,0,W 1,18347,2:35,
2,2025-10-09,7:00 PM,,Chicago Blackhawks,4,3,W,OT,2,0,0,W 2,17850,2:45,
3,2025-10-11,7:00 PM,,Buffalo Sabres,3,1,W,,3,0,0,W 3,17850,2:31,
4,2025-10-13,1:00 PM,,Tampa Bay Lightning,3,4,L,,3,1,0,L 1,17850,2:37,
5,2025-10-16,10:00 PM,@,Vegas Golden Knights,5,6,L,,3,2,0,L 2,17927,2:48,
6,2025-10-18,9:00 PM,@,Colorado Avalanche,1,4,L,,3,3,0,L 3,18131,2:37,
7,2025-10-19,7:00 PM,@,Utah Mammoth,2,3,L,,3,4,0,L 4,12478,2:33,
8,2025-10-21,7:30 PM,,Florida Panthers,3,4,L,,3,5,0,L 5,17850,2:43,
9,2025-10-23,7:00 PM,,Anaheim Ducks,5,7,L,,3,6,0,L 6,17850,2:39,
10,2025-10-25,3:00 PM,,Colorado Avalanche,3,2,W,,4,6,0,W 1,17850,2:28,
11,2025-10-27,7:30 PM,@,Ottawa Senators,2,7,L,,4,7,0,L 1,16168,2:35,
12,2025-10-28,7:15 PM,,New York Islanders,5,2,W,,5,7,0,W 1,17850,2:23,
13,2025-10-30,7:00 PM,,Buffalo Sabres,4,3,W,OT,6,7,0,W 2,17850,2:43,
14,2025-11-01,1:00 PM,,Carolina Hurricanes,2,1,W,,7,7,0,W 3,17850,2:14,
15,2025-11-04,7:00 PM,@,New York Islanders,4,3,W,SO,8,7,0,W 4,15585,2:41,
16,2025-11-06,7:00 PM,,Ottawa Senators,3,2,W,OT,9,7,0,W 5,17850,2:38,
17,2025-11-08,7:00 PM,@,Toronto Maple Leafs,5,3,W,,10,7,0,W 6,18955,2:46,
18,2025-11-11,7:00 PM,,Toronto Maple Leafs,5,3,W,,11,7,0,W 7,17850,2:39,
19,2025-11-13,7:00 PM,@,Ottawa Senators,3,5,L,,11,8,0,L 1,16049,2:23,
20,2025-11-15,7:00 PM,@,Montreal Canadiens,3,2,W,,12,8,0,W 1,20962,2:36,
21,2025-11-17,7:00 PM,,Carolina Hurricanes,1,3,L,,12,9,0,L 1,17850,2:38,
22,2025-11-19,10:00 PM,@,Anaheim Ducks,3,4,L,,12,10,0,L 2,14067,2:34,
23,2025-11-21,10:30 PM,@,Los Angeles Kings,2,1,W,OT,13,10,0,W 1,18145,2:34,
24,2025-11-23,8:00 PM,@,San Jose Sharks,1,3,L,,13,11,0,L 1,17435,2:30,
25,2025-11-26,7:00 PM,@,New York Islanders,3,1,W,,14,11,0,W 1,17255,2:23,
26,2025-11-28,1:00 PM,,New York Rangers,2,6,L,,14,12,0,L 1,17850,2:29,
27,2025-11-29,7:00 PM,,Detroit Red Wings,3,2,W,SO,15,12,0,W 1,17850,2:41,
28,2025-12-02,7:00 PM,@,Detroit Red Wings,4,5,L,,15,13,0,L 1,18803,2:32,
29,2025-12-04,7:00 PM,,St. Louis Blues,5,2,W,,16,13,0,W 1,17850,2:26,
30,2025-12-06,7:00 PM,,New Jersey Devils,4,1,W,,17,13,0,W 2,17850,2:25,
31,2025-12-09,8:00 PM,@,St. Louis Blues,5,2,W,,18,13,0,W 3,18096,2:31,
32,2025-12-11,8:00 PM,@,Winnipeg Jets,6,3,W,,19,13,0,W 4,13158,2:25,
33,2025-12-14,6:00 PM,@,Minnesota Wild,2,6,L,,19,14,0,L 1,18322,2:34,
34,2025-12-16,7:00 PM,,Utah Mammoth,4,1,W,,20,14,0,W 1,17850,2:32,
35,2025-12-18,7:00 PM,,Edmonton Oilers,1,3,L,,20,15,0,L 1,17850,2:33,
36,2025-12-20,7:00 PM,,Vancouver Canucks,4,5,L,SO,20,15,1,L 2,17850,2:48,
37,2025-12-21,7:00 PM,,Ottawa Senators,2,6,L,,20,16,1,L 3,17850,2:38,
38,2025-12-23,7:00 PM,,Montreal Canadiens,2,6,L,,20,17,1,L 4,17850,2:36,
39,2025-12-27,7:00 PM,@,Buffalo Sabres,1,4,L,,20,18,1,L 5,19070,2:19,
40,2025-12-29,9:00 PM,@,Calgary Flames,1,2,L,OT,20,18,2,L 6,17536,2:33,
41,2025-12-31,9:30 PM,@,Edmonton Oilers,6,2,W,,21,18,2,W 1,18347,2:35,
42,2026-01-03,10:00 PM,@,Vancouver Canucks,3,2,W,OT,22,18,2,W 2,18665,2:37,
43,2026-01-06,10:00 PM,@,Seattle Kraken,4,7,L,,22,19,2,L 1,17151,2:36,
44,2026-01-08,7:00 PM,,Calgary Flames,4,1,W,,23,19,2,W 1,17850,2:26,
45,2026-01-10,1:00 PM,,New York Rangers,10,2,W,,24,19,2,W 2,17850,2:45,
46,2026-01-11,5:00 PM,,Pittsburgh Penguins,1,0,W,,25,19,2,W 3,17850,2:26,
47,2026-01-13,7:30 PM,,Detroit Red Wings,3,0,W,,26,19,2,W 4,17850,2:35,
48,2026-01-15,8:00 PM,,Seattle Kraken,4,2,W,,27,19,2,W 5,17850,2:26,
49,2026-01-17,8:00 PM,@,Chicago Blackhawks,5,2,W,,28,19,2,W 6,20388,2:22,
50,2026-01-20,7:30 PM,@,Dallas Stars,2,6,L,,28,20,2,L 1,18532,2:32,
51,2026-01-22,7:00 PM,,Vegas Golden Knights,4,3,W,,29,20,2,W 1,17850,2:35,
52,2026-01-24,7:00 PM,,Montreal Canadiens,4,3,W,,30,20,2,W 2,17850,2:39,
53,2026-01-26,7:00 PM,@,New York Rangers,3,4,L,OT,30,20,3,L 1,17469,2:37,
54,2026-01-27,7:00 PM,,Nashville Predators,3,2,W,OT,31,20,3,W 1,17850,2:29,
55,2026-01-29,7:00 PM,,Philadelphia Flyers,6,3,W,,32,20,3,W 2,17850,2:32,
56,2026-02-01,6:30 PM,@,Tampa Bay Lightning,5,6,L,SO,32,20,4,L 1,64617,3:18,
57,2026-02-04,7:00 PM,@,Florida Panthers,4,5,L,SO,32,20,5,L 2,18843,3:04,
58,2026-02-26,7:00 PM,,Columbus Blue Jackets,4,2,W,,33,20,5,W 1,17850,2:32,
59,2026-02-28,3:00 PM,@,Philadelphia Flyers,1,3,L,,33,21,5,L 1,19872,2:33,
60,2026-03-03,7:00 PM,,Pittsburgh Penguins,2,1,W,,34,21,5,W 1,17850,2:25,
61,2026-03-05,8:00 PM,@,Nashville Predators,3,6,L,,34,22,5,L 1,17330,2:40,
62,2026-03-07,12:30 PM,,Washington Capitals,3,1,W,,35,22,5,W 1,17850,2:24,
63,2026-03-08,4:30 PM,@,Pittsburgh Penguins,4,5,L,OT,35,22,6,L 1,18029,2:39,
64,2026-03-10,7:00 PM,,Los Angeles Kings,2,1,W,OT,36,22,6,W 1,17850,2:31,
65,2026-03-12,7:00 PM,,San Jose Sharks,2,4,L,,36,23,6,L 1,17850,2:31,
66,2026-03-14,3:00 PM,@,Washington Capitals,3,2,W,SO,37,23,6,W 1,18347,2:54,
67,2026-03-16,7:00 PM,@,New Jersey Devils,3,4,L,OT,37,23,7,L 1,16034,2:51,
68,2026-03-17,7:00 PM,@,Montreal Canadiens,2,3,L,OT,37,23,8,L 2,20962,2:37,
69,2026-03-19,7:00 PM,,Winnipeg Jets,6,1,W,,38,23,8,W 1,17850,2:26,
70,2026-03-21,8:00 PM,@,Detroit Red Wings,4,2,W,,39,23,8,W 2,19515,2:29,
71,2026-03-24,7:00 PM,,Toronto Maple Leafs,2,4,L,,39,24,8,L 1,17850,2:38,
72,2026-03-25,7:30 PM,@,Buffalo Sabres,4,3,W,OT,40,24,8,W 1,19070,2:39,
73,2026-03-28,5:00 PM,,Minnesota Wild,6,3,W,,41,24,8,W 2,17850,2:30,
74,2026-03-29,5:00 PM,@,Columbus Blue Jackets,4,3,W,SO,42,24,8,W 3,18684,2:51,
75,2026-03-31,7:00 PM,,Dallas Stars,6,3,W,,43,24,8,W 4,17850,2:28,
76,2026-04-02,7:00 PM,@,Florida Panthers,1,2,L,,43,25,8,L 1,19823,2:30,
77,2026-04-04,5:00 PM,@,Tampa Bay Lightning,1,3,L,,43,26,8,L 2,19092,2:42,
78,2026-04-05,3:30 PM,@,Philadelphia Flyers,1,2,L,OT,43,26,9,L 3,19133,2:42,
79,2026-04-07,7:00 PM,@,Carolina Hurricanes,5,6,L,OT,43,26,10,L 4,18571,2:47,
80,2026-04-11,12:30 PM,,Tampa Bay Lightning,1,2,L,,43,27,10,L 5,17850,2:23,
81,2026-04-12,6:00 PM,@,Columbus Blue Jackets,3,2,W,,44,27,10,W 1,18532,2:30,
82,2026-04-14,7:00 PM,,New Jersey Devils,4,0,W,,45,27,10,W 2,17850,2:27,
